{"cameraMode":{"drawMode":0,"name":"Shaded","section":"Shading Mode"},"sceneLighting":false,"audioPlay":false,"sceneViewState":{"showFog":true,"showMaterialUpdate":false,"showSkybox":false,"showFlares":true,"showImageEffects":true,"showParticleSystems":true},"in2DMode":false,"pivot":{"x":0.04349815845489502,"y":1.3307437896728516,"z":3.1142234802246095},"rotation":{"x":0.5892326235771179,"y":-0.0193934328854084,"z":0.014145422726869583,"w":0.807623028755188},"size":14.594974517822266,"orthographic":false}