{"cameraMode":{"drawMode":0,"name":"Shaded","section":"Shading Mode"},"sceneLighting":false,"audioPlay":false,"sceneViewState":{"showFog":true,"showMaterialUpdate":false,"showSkybox":false,"showFlares":true,"showImageEffects":true,"showParticleSystems":true},"in2DMode":false,"pivot":{"x":-0.009649892337620259,"y":0.04132011905312538,"z":-0.09069885313510895},"rotation":{"x":0.000014942497728043236,"y":-0.9965954422950745,"z":0.0827154591679573,"w":0.00028977065812796354},"size":0.11002188920974732,"orthographic":false}