{"cameraMode":{"drawMode":0,"name":"Shaded","section":"Shading Mode"},"sceneLighting":false,"audioPlay":false,"sceneViewState":{"showFog":true,"showMaterialUpdate":false,"showSkybox":false,"showFlares":true,"showImageEffects":true,"showParticleSystems":true},"in2DMode":false,"pivot":{"x":0.03749680519104004,"y":0.10409221798181534,"z":0.04031434655189514},"rotation":{"x":0.127044215798378,"y":-0.08025700598955155,"z":0.010313767939805985,"w":0.9885920882225037},"size":0.30977731943130495,"orthographic":false}