{"cameraMode":{"drawMode":0,"name":"Shaded","section":"Shading Mode"},"sceneLighting":false,"audioPlay":false,"sceneViewState":{"showFog":true,"showMaterialUpdate":false,"showSkybox":false,"showFlares":true,"showImageEffects":true,"showParticleSystems":true},"in2DMode":false,"pivot":{"x":0.00005154311656951904,"y":0.01990855485200882,"z":-0.02253641188144684},"rotation":{"x":0.0018817320233210922,"y":0.9922939538955689,"z":-0.12298339605331421,"w":0.015185443684458733},"size":0.17649586498737336,"orthographic":false}