{"cameraMode":{"drawMode":0,"name":"Shaded","section":"Shading Mode"},"sceneLighting":false,"audioPlay":false,"sceneViewState":{"showFog":true,"showMaterialUpdate":false,"showSkybox":false,"showFlares":true,"showImageEffects":true,"showParticleSystems":true},"in2DMode":false,"pivot":{"x":-0.033920206129550937,"y":-0.04683949053287506,"z":0.08094140887260437},"rotation":{"x":-0.22702251374721528,"y":0.17333641648292542,"z":-0.04109961539506912,"w":-0.9574604034423828},"size":0.09777307510375977,"orthographic":false}