{"cameraMode":{"drawMode":0,"name":"Shaded","section":"Shading Mode"},"sceneLighting":false,"audioPlay":false,"sceneViewState":{"showFog":true,"showMaterialUpdate":false,"showSkybox":false,"showFlares":true,"showImageEffects":true,"showParticleSystems":true},"in2DMode":false,"pivot":{"x":-7.450580596923828e-9,"y":-0.0032287277281284334,"z":-0.0022059157490730287},"rotation":{"x":0.009852701798081398,"y":-0.7642489075660706,"z":0.6447745561599731,"w":0.011691919527947903},"size":0.12075775861740112,"orthographic":false}