{"cameraMode":{"drawMode":0,"name":"Shaded","section":"Shading Mode"},"sceneLighting":false,"audioPlay":false,"sceneViewState":{"showFog":true,"showMaterialUpdate":false,"showSkybox":false,"showFlares":true,"showImageEffects":true,"showParticleSystems":true},"in2DMode":false,"pivot":{"x":2.786100387573242,"y":1.5944461822509766,"z":4.96861457824707},"rotation":{"x":0.6829533576965332,"y":-0.005489583592861891,"z":0.005119899287819862,"w":0.7304447293281555},"size":9.729605674743653,"orthographic":false}