{"cameraMode":{"drawMode":0,"name":"Shaded","section":"Shading Mode"},"sceneLighting":false,"audioPlay":false,"sceneViewState":{"showFog":true,"showMaterialUpdate":false,"showSkybox":false,"showFlares":true,"showImageEffects":true,"showParticleSystems":true},"in2DMode":false,"pivot":{"x":0.04984799027442932,"y":0.06264989078044892,"z":0.01835578680038452},"rotation":{"x":-0.01991760917007923,"y":0.9800046682357788,"z":-0.1334196925163269,"w":-0.1463068723678589},"size":0.3046427369117737,"orthographic":false}