{"cameraMode":{"drawMode":0,"name":"Shaded","section":"Shading Mode"},"sceneLighting":false,"audioPlay":false,"sceneViewState":{"showFog":true,"showMaterialUpdate":false,"showSkybox":false,"showFlares":true,"showImageEffects":true,"showParticleSystems":true},"in2DMode":false,"pivot":{"x":-0.06166081875562668,"y":-0.14224079251289369,"z":-0.0881524384021759},"rotation":{"x":-0.021796204149723054,"y":0.9696091413497925,"z":-0.2249825894832611,"w":-0.0939476266503334},"size":0.4207577705383301,"orthographic":false}