{"cameraMode":{"drawMode":0,"name":"Shaded","section":"Shading Mode"},"sceneLighting":false,"audioPlay":false,"sceneViewState":{"showFog":true,"showMaterialUpdate":false,"showSkybox":false,"showFlares":true,"showImageEffects":true,"showParticleSystems":true},"in2DMode":false,"pivot":{"x":-0.007967702113091946,"y":-0.03244724124670029,"z":-0.010660381987690926},"rotation":{"x":0.015300333499908448,"y":-0.6340984106063843,"z":0.7730214595794678,"w":0.012550021521747113},"size":0.23035335540771485,"orthographic":false}