{"cameraMode":{"drawMode":0,"name":"Shaded","section":"Shading Mode"},"sceneLighting":false,"audioPlay":false,"sceneViewState":{"showFog":true,"showMaterialUpdate":false,"showSkybox":false,"showFlares":true,"showImageEffects":true,"showParticleSystems":true},"in2DMode":false,"pivot":{"x":-0.0017943242564797402,"y":-0.040955960750579837,"z":0.08926650881767273},"rotation":{"x":-0.2217305451631546,"y":0.04298415035009384,"z":-0.009784172289073468,"w":-0.9741131067276001},"size":0.09777307510375977,"orthographic":false}