{"cameraMode":{"drawMode":0,"name":"Shaded","section":"Shading Mode"},"sceneLighting":false,"audioPlay":false,"sceneViewState":{"showFog":true,"showMaterialUpdate":false,"showSkybox":false,"showFlares":true,"showImageEffects":true,"showParticleSystems":true},"in2DMode":false,"pivot":{"x":0.0031984448432922365,"y":-0.028686558827757837,"z":0.004901587963104248},"rotation":{"x":-0.0413212887942791,"y":-0.4466007649898529,"z":0.8935582041740418,"w":-0.02065087854862213},"size":0.20348860323429109,"orthographic":false}