{"cameraMode":{"drawMode":0,"name":"Shaded","section":"Shading Mode"},"sceneLighting":false,"audioPlay":false,"sceneViewState":{"showFog":true,"showMaterialUpdate":false,"showSkybox":false,"showFlares":true,"showImageEffects":true,"showParticleSystems":true},"in2DMode":false,"pivot":{"x":-4.485803604125977,"y":2.4005489349365236,"z":8.198084831237793},"rotation":{"x":-0.14219315350055695,"y":0.6732037663459778,"z":-0.13423144817352296,"w":-0.7131415605545044},"size":12.8197660446167,"orthographic":false}