{"cameraMode":{"drawMode":0,"name":"Shaded","section":"Shading Mode"},"sceneLighting":false,"audioPlay":false,"sceneViewState":{"showFog":true,"showMaterialUpdate":false,"showSkybox":false,"showFlares":true,"showImageEffects":true,"showParticleSystems":true},"in2DMode":false,"pivot":{"x":1.706446647644043,"y":2.6005542278289797,"z":-6.650986194610596},"rotation":{"x":0.03740859776735306,"y":0.9615179896354675,"z":-0.16783373057842256,"w":0.2143101543188095},"size":21.357585906982423,"orthographic":false}